Collection,FloorEthPrice,MaxEthPrice,MinEthPrice,Sales,TimeStamp,VolumeInEth,Prediction_Start,SMA,RSI,buy_signal,sell_signal,action
mekaverse,0.25,1.0,0.25,66,1649116800,61.5,False,0.504147516,8.300452133079093,0,1,1
mekaverse,0.39,1.222,0.316,378,1649203200,271.55606666666665,False,0.494647516,44.466186156998916,0,1,1
mekaverse,0.5001,0.5001,0.5001,6,1649462400,3.0005999999999995,False,0.493652506,59.98149040162225,1,0,-1
mekaverse,0.54,0.54,0.54,6,1649635200,3.24,False,0.495152506,64.47726732158388,1,0,-1
mekaverse,0.55,0.55,0.55,6,1649721600,3.3,False,0.49759250499999996,65.68498427491541,1,0,-1
mekaverse,0.375,0.3952,0.375,12,1649894400,4.6212,False,0.4883425,37.669552589237334,0,1,1
mekaverse,0.53,0.53,0.53,6,1649980800,3.1800000000000006,False,0.48599249999999994,57.661976777624616,1,0,-1
mekaverse,0.39,0.439,0.39,12,1650326400,4.974,False,0.4774925,42.33202968326659,0,1,1
mekaverse,0.35,0.8,0.35,12,1650585600,6.9,False,0.46769249999999996,38.661167633055115,0,1,1
mekaverse,0.271,0.28,0.271,12,1651104000,3.306,False,0.45549249999999997,31.844003529147653,0,1,1
mekaverse,0.27,0.3,0.27,12,1651190400,3.42,False,0.4431425,31.755404420641405,0,1,1
mekaverse,0.245,0.245,0.245,6,1651276800,1.4700000000000002,False,0.42939249999999995,29.21524355181933,0,1,1
mekaverse,0.235,0.321,0.235,12,1651622400,3.3359999999999994,False,0.4131424999999999,28.091695801208722,0,1,1
mekaverse,0.29,0.29,0.29,6,1652140800,1.74,False,0.4011899999999999,43.128331986585266,0,1,1
mekaverse,0.21,0.21,0.21,6,1652400000,1.26,False,0.38668999999999987,31.247948375967482,0,1,1
mekaverse,0.2,0.205,0.2,12,1652486400,2.4299999999999997,False,0.3706399999999999,29.958488803423005,0,1,1
mekaverse,0.27,0.27,0.27,6,1652572800,1.62,False,0.35810499999999995,48.53946641884199,0,1,1
mekaverse,0.1528,0.1528,0.1528,6,1652918400,0.9168,False,0.3392449999999999,31.21099508180291,0,1,1
mekaverse,0.229,0.229,0.229,6,1653004800,1.374,False,0.32789499999999994,46.68083905759367,0,1,1
mekaverse,0.27,0.27,0.27,6,1653091200,1.62,False,0.32589499999999993,53.685999699644114,0,0,0
mekaverse,0.1318,0.1318,0.1318,6,1653177600,0.7908000000000001,False,0.31998499999999996,34.55663810213475,0,1,1
mekaverse,0.24,0.24,0.24,6,1653436800,1.44,False,0.312485,51.47719236026502,0,0,0
mekaverse,0.151,0.177,0.151,12,1653609600,1.968,False,0.29503,40.666401093101335,0,1,1
mekaverse,0.215,0.215,0.215,6,1653696000,1.29,False,0.27878,50.08841922203017,0,0,0
mekaverse,0.1799,0.1799,0.1799,6,1653782400,1.0794,False,0.260275,45.17097069249127,0,1,1
mekaverse,0.21,0.215,0.21,36,1653868800,7.679999999999997,False,0.252025,50.39164625081064,0,0,0
mekaverse,0.18,0.18,0.18,6,1654041600,1.0799999999999998,False,0.23452499999999996,45.04779393633057,0,1,1
mekaverse,0.1346,0.1999,0.1346,12,1654214400,2.007,False,0.22175499999999998,37.52092941126112,0,1,1
mekaverse,0.165,0.34,0.165,12,1654300800,3.03,False,0.212505,45.186675943532414,0,1,1
mekaverse,0.245,0.245,0.245,6,1654387200,1.4700000000000002,False,0.211205,60.94791967467311,1,0,-1
mekaverse,0.25,0.25,0.25,6,1654473600,1.5,False,0.21020500000000003,61.805925750987434,1,0,-1
mekaverse,0.22,0.22,0.22,6,1654732800,1.32,False,0.208955,53.06226606705934,1,0,-1
mekaverse,0.2,0.2,0.2,6,1654819200,1.2,False,0.207205,47.46639000325977,0,1,1
mekaverse,0.2,0.2,0.2,6,1655078400,1.2,False,0.202705,47.46639000325976,0,1,1
mekaverse,0.2,0.229,0.2,18,1655251200,3.876,False,0.20220500000000002,47.466390003259754,0,1,1
mekaverse,0.24,0.24,0.24,6,1655337600,1.44,False,0.20420500000000003,62.79352181794181,1,0,-1
mekaverse,0.202,0.55,0.202,90,1655424000,27.558,False,0.20080500000000004,46.635894790036616,0,0,0
mekaverse,0.28,0.35,0.28,48,1655510400,14.951999999999998,False,0.20716500000000004,67.85706376028446,1,0,-1
mekaverse,0.341,1.69,0.2757,156,1655596800,78.86760000000001,False,0.21276500000000004,76.85469552360615,1,0,-1
mekaverse,0.421,0.867,0.4201,126,1655683200,67.28939994000001,False,0.22031500000000004,84.1350386908506,1,0,-1
mekaverse,0.43051,0.99,0.4212,156,1655769600,84.52506593999999,False,0.23525050000000003,84.84345680415576,1,0,-1
mekaverse,0.36610101,0.66,0.046,192,1655856000,85.66140605999999,False,0.24155555050000005,61.56864334700448,1,0,-1
mekaverse,0.33,0.71,0.33,30,1655942400,13.3554,False,0.25050555050000006,51.64293237610791,1,0,-1
mekaverse,0.3,0.4,0.3,30,1656028800,10.002,False,0.25475555050000004,44.235248692231764,0,0,0
mekaverse,0.33,0.42,0.33,42,1656115200,15.625799999999998,False,0.2622605505000001,52.71370580739176,1,0,-1
mekaverse,0.3,0.3,0.3,6,1656201600,1.8,False,0.2667605505,44.29538369807693,0,0,0
mekaverse,0.3,1.75,0.3,30,1656374400,17.9123302416,False,0.27276055050000003,44.29538369807694,0,0,0
mekaverse,0.3,0.5,0.3,24,1656460800,8.88,False,0.28103055050000003,44.29538369807694,0,0,0
mekaverse,0.2504,0.45,0.2504,42,1656547200,13.158,False,0.2853005505,29.224481166552685,0,1,1
mekaverse,0.2637,0.39,0.2637,48,1656633600,15.55326,False,0.28623555050000005,36.46955278836189,0,1,1
mekaverse,0.2758,0.4,0.2758,12,1656720000,4.0548,False,0.28752555050000006,43.09416094436537,0,1,1
mekaverse,0.2768,0.6,0.2768,42,1656806400,16.6728,False,0.29036555050000007,43.700626979628076,0,1,1
mekaverse,0.249,0.888,0.249,60,1656892800,21.0828,False,0.2928155505,31.890277290439855,0,1,1
mekaverse,0.291,0.37,0.291,30,1656979200,9.966,False,0.2973655505,54.905429490721936,0,0,0
mekaverse,0.31,0.98,0.31,48,1657065600,23.988000000000003,False,0.3028655505,62.13981704860729,1,0,-1
mekaverse,0.2881,0.5,0.2881,30,1657152000,10.797,False,0.3052705505,50.47333222486445,0,0,0
mekaverse,0.27571,0.27571,0.27571,6,1657238400,1.6542600000000005,False,0.3089560505,44.5573530304849,0,1,1
mekaverse,0.25,0.48,0.25,48,1657324800,15.03846,False,0.3074560505,34.16916485883444,0,1,1
mekaverse,0.26,1.0,0.26,24,1657411200,12.3564,False,0.30340605049999997,40.871487279711,0,1,1
mekaverse,0.26,0.5,0.26,30,1657497600,11.0994,False,0.29535605049999997,40.871487279711,0,1,1
mekaverse,0.298,0.38,0.298,42,1657584000,14.268,False,0.28873055049999996,63.148429389103335,1,0,-1
mekaverse,0.3072,0.65,0.3072,48,1657670400,18.2292,False,0.2857854999999999,66.92012568784547,1,0,-1
mekaverse,0.2902,0.35,0.2902,18,1657756800,5.635260000000001,False,0.2837954999999999,54.124876722815515,1,0,-1
mekaverse,0.25,0.6,0.25,30,1657843200,13.14,False,0.2812954999999999,34.58082833073058,0,1,1
mekaverse,0.3226,0.34,0.3226,18,1657929600,5.9124,False,0.28092549999999994,63.959382290258915,1,0,-1
mekaverse,0.3,0.3,0.3,6,1658016000,1.8,False,0.28092549999999994,54.4452869848149,1,0,-1
mekaverse,0.2784,0.5,0.2784,42,1658102400,14.8464,False,0.27984549999999997,46.229683314717235,0,1,1
mekaverse,0.305,0.395,0.305,30,1658188800,10.1709,False,0.28009549999999994,56.365279243522224,1,0,-1
mekaverse,0.2871,1.0,0.2871,48,1658275200,19.954199999999997,False,0.2819305,48.65123737254529,0,0,0
mekaverse,0.240791,1.3,0.240791,54,1658361600,26.116746,False,0.2807850499999999,33.7251351260427,0,1,1
mekaverse,0.201,0.395,0.201,60,1658448000,19.494000000000003,False,0.2770450499999999,25.366396253657108,0,1,1
mekaverse,0.256,0.49,0.256,54,1658534400,17.975400000000004,False,0.2760050499999999,47.74390952753683,0,1,1
mekaverse,0.26,0.6,0.26,24,1658620800,9.4134,False,0.2765550499999999,49.130481299281946,0,1,1
mekaverse,0.55,0.55,0.55,6,1658707200,3.3,False,0.28950504999999993,85.05884966068614,1,0,-1
mekaverse,0.29,0.66,0.29,66,1658793600,27.557994000000004,False,0.28850504999999993,47.47843226536496,0,0,0
mekaverse,0.253,0.55,0.253,42,1658880000,15.8547,False,0.2867500499999999,44.018883133668055,0,1,1
mekaverse,0.295,0.45,0.295,42,1658966400,14.5899996,False,0.2877145499999999,49.26445719409149,0,0,0
mekaverse,0.35,0.64,0.35,48,1659052800,21.234,False,0.2927145499999999,56.01150759423885,1,0,-1
mekaverse,0.3072,0.5,0.3072,36,1659139200,14.1276,False,0.29507454999999994,49.59589060058051,0,0,0
mekaverse,0.324665,0.5,0.324,120,1659225600,46.0716,False,0.2983077999999999,52.37817811702518,1,0,-1
mekaverse,0.2927,0.5,0.2927,66,1659312000,24.524399999999996,False,0.2980427999999999,46.505256104230355,0,1,1
mekaverse,0.295,0.3098,0.295,12,1659398400,3.6288,False,0.2974327999999999,47.03935326076356,0,1,1
mekaverse,0.29,0.399,0.29,12,1659571200,4.134,False,0.2974227999999999,45.796851658113724,0,1,1
mekaverse,0.27,0.59,0.27,42,1659744000,16.260042000000002,False,0.2984227999999999,40.45406548875105,0,1,1
mekaverse,0.2401,0.5,0.2401,54,1659830400,16.6026,False,0.29429779999999994,33.21315049538811,0,1,1
mekaverse,0.2502,0.759,0.2502,36,1659916800,14.0592,False,0.29180779999999995,37.906045054342655,0,1,1
mekaverse,0.28,0.284,0.28,12,1660003200,3.3840000000000003,False,0.2918878,50.68589835359594,0,0,0
mekaverse,0.24,0.241,0.24,12,1660089600,2.886,False,0.2886378,37.675528564863555,0,1,1
mekaverse,0.235,2.4,0.235,30,1660176000,20.34,False,0.28603280000000003,36.22273548434574,0,1,1
mekaverse,0.2,0.88,0.2,60,1660262400,22.673399999999997,False,0.2839932500000001,27.08432789106765,0,1,1
mekaverse,0.23,0.33,0.23,18,1660348800,5.340000000000001,False,0.2854432500000001,42.59982571180771,0,1,1
mekaverse,0.1812,2.5,0.1812,42,1660435200,58.8672,False,0.28170325000000007,29.734639240608395,0,1,1
mekaverse,0.1711,0.3,0.1711,36,1660521600,7.6866,False,0.2772582500000001,27.579818110663602,0,1,1
mekaverse,0.17,0.22,0.17,30,1660608000,6.044447290640395,False,0.2582582500000001,27.310380863334604,0,1,1
mekaverse,0.17925,0.35,0.17925,48,1660694400,10.5657,False,0.25272075000000005,34.079692674838014,0,1,1
mekaverse,0.172,0.55,0.172,30,1660780800,7.468799999999999,False,0.24867075000000005,31.230286379656093,0,1,1
mekaverse,0.1604,0.2,0.1604,36,1660867200,6.361800000000001,False,0.24194075000000007,26.756122555890048,0,1,1
mekaverse,0.1401,0.1709,0.1401,60,1660953600,8.870913974881274,False,0.2314457500000001,20.371816117646016,0,1,1
mekaverse,0.18,0.5,0.18,24,1661040000,6.5274,False,0.22508575000000008,49.800755040501095,0,1,1
mekaverse,0.1799,0.222,0.1799,48,1661126400,9.9693513337847,False,0.21784750000000005,49.743160901647116,0,1,1
mekaverse,0.2041891006007458,0.41,0.2041891006007458,54,1661212800,13.421934603604477,False,0.21342195503003736,62.80375445711592,0,0,0
mekaverse,0.205,0.49,0.205,36,1661299200,10.5255,False,0.20892195503003735,63.2028232807497,0,0,0
mekaverse,0.2329,1.0,0.2329,18,1661385600,9.0168,False,0.20606695503003736,74.82093469110846,1,0,-1
mekaverse,0.189,0.3,0.189,24,1661472000,5.895816,False,0.20201695503003733,46.157279456365295,0,1,1
mekaverse,0.2001,0.2001,0.2001,6,1661558400,1.2006,False,0.20001695503003733,51.97250841298015,1,0,-1
mekaverse,0.2031,0.88,0.2031,36,1661644800,13.458000000000002,False,0.19766195503003733,53.66323665220776,1,0,-1
mekaverse,0.219,0.2999,0.219,12,1661731200,3.1134000000000004,False,0.19461195503003734,62.42626395181008,1,0,-1
mekaverse,0.2466,0.4,0.2466,12,1661817600,3.8796,False,0.19494195503003736,73.35850202738115,1,0,-1
mekaverse,0.1818,0.28,0.1818,18,1661904000,4.2588,False,0.19228195503003737,39.57009444276673,0,1,1
mekaverse,0.22,0.245,0.22,12,1661990400,2.79,False,0.19328195503003737,54.88295393100331,1,0,-1
mekaverse,0.3699,0.3699,0.3699,6,1662076800,2.2194,False,0.20027695503003734,79.88492686745961,1,0,-1
mekaverse,0.1763,0.42,0.1763,24,1662163200,6.0978,False,0.20003195503003735,42.1636880154653,0,1,1
mekaverse,0.21,0.27,0.21,24,1662249600,5.58,False,0.20197695503003735,47.552358526755086,0,0,0
mekaverse,0.1751,0.3,0.1751,42,1662336000,9.46093568043331,False,0.20223195503003732,42.43431712631244,0,1,1
mekaverse,0.1668,0.2,0.1668,36,1662422400,6.9030000000000005,False,0.2016094550300373,41.11868747119347,0,1,1
mekaverse,0.22,0.22,0.22,6,1662508800,1.32,False,0.2040094550300373,52.83475970995237,1,0,-1
mekaverse,0.18004999,0.2048,0.18004999,18,1662595200,3.50909994,False,0.2049919545300373,44.51959209505515,0,1,1
mekaverse,0.2,0.5,0.2,54,1662681600,14.706,False,0.2079869545300373,49.48242865877653,0,1,1
mekaverse,0.23,0.23,0.23,6,1662854400,1.38,False,0.21048695453003727,56.75394485192555,1,0,-1
mekaverse,0.19,0.295,0.19,24,1662940800,5.560329219460296,False,0.2109919545300373,45.772981061753526,0,1,1
mekaverse,0.245,0.3,0.245,12,1663027200,3.2700000000000005,False,0.2130324995,59.305831819642485,1,0,-1
mekaverse,0.162,0.23,0.162,84,1663113600,16.54746,False,0.2108824995,40.32327300506576,0,1,1
mekaverse,0.23,0.26,0.23,18,1663200000,4.4399999999999995,False,0.21073749950000004,55.055661905108465,1,0,-1
mekaverse,0.1775,0.25,0.1775,30,1663286400,6.1584,False,0.21016249950000004,44.462562039566805,0,1,1
mekaverse,0.176,0.29999,0.176,18,1663372800,4.05594,False,0.20895749950000003,44.159114650867195,0,1,1
mekaverse,0.176,0.3131,0.176,42,1663459200,9.180649208037988,False,0.20760249950000004,44.15911465086719,0,1,1
mekaverse,0.2,0.31,0.2,24,1663545600,5.766,False,0.20665249950000003,52.29800938783368,0,0,0
mekaverse,0.18,0.3,0.18,12,1663632000,2.88,False,0.20332249950000003,45.404494082212366,0,1,1
mekaverse,0.19,0.8888,0.19,24,1663718400,9.2208,False,0.20373249950000005,49.5598830965519,0,1,1
mekaverse,0.177,0.4,0.177,12,1663804800,3.4619999999999997,False,0.20158249950000004,44.10488222279992,0,1,1
mekaverse,0.195,0.4,0.195,36,1663891200,10.764,False,0.19283749950000004,53.04919123044586,1,0,-1
mekaverse,0.22,0.498,0.22,18,1663977600,7.158000000000001,False,0.19502249950000006,63.25686246871759,1,0,-1
mekaverse,0.2,0.8,0.2,54,1664064000,18.207024000000004,False,0.19452249950000006,51.960109028863485,1,0,-1
mekaverse,0.2,0.2,0.2,6,1664150400,1.2,False,0.19576749950000008,51.960109028863485,1,0,-1
mekaverse,0.2,1.0,0.2,42,1664236800,20.01,False,0.1974274995000001,51.960109028863485,1,0,-1
mekaverse,0.1951,0.44,0.1951,30,1664323200,8.5206,False,0.19618249950000008,47.869386801605735,0,1,1
mekaverse,0.1757,0.45,0.1757,42,1664409600,10.7286,False,0.19596500000000008,34.44772824782923,0,1,1
mekaverse,0.1747,0.24,0.1747,60,1664496000,12.024073066152663,False,0.19470000000000007,33.836446605429785,0,1,1
mekaverse,0.2073210236475542,0.2888,0.2073210236475542,12,1664582400,2.9767261418853255,False,0.19356605118237777,61.612784104006856,1,0,-1
mekaverse,0.22,0.35,0.22,18,1664668800,5.219999999999999,False,0.1950660511823778,68.11596775103646,1,0,-1
mekaverse,0.216051,0.4,0.216051,66,1664755200,21.180305999999995,False,0.19361860118237778,63.90131176785496,1,0,-1
mekaverse,0.2354218009478673,1.25,0.2269194312796209,114,1664841600,52.944116587677726,False,0.19728969122977114,73.82992553329063,1,0,-1
mekaverse,0.33,0.5,0.33,24,1664928000,10.194,False,0.20228969122977114,90.22999174033335,1,0,-1
mekaverse,0.2657,1.1,0.2657,84,1665187200,31.7604,False,0.2066996912297711,58.87524410497639,1,0,-1
mekaverse,0.17,2.41,0.17,42,1665273600,32.2578,False,0.20639969122977112,35.757982833720526,0,1,1
mekaverse,0.181034,0.4,0.16016,108,1665360000,29.28621,False,0.2066513912297711,39.198689550040534,0,1,1
mekaverse,0.2,0.33,0.2,36,1665446400,9.30288,False,0.2066513912297711,45.47334809448265,0,1,1
mekaverse,0.286,0.327,0.286,24,1665532800,7.255800000000001,False,0.2119513912297711,65.59698230195201,1,0,-1
mekaverse,0.2742,0.337375,0.2742,18,1665619200,5.58945,False,0.21616139122977113,61.69199211923372,1,0,-1
mekaverse,0.2511,0.369,0.2511,48,1665705600,14.0256,False,0.21986639122977114,53.84786599442942,1,0,-1
mekaverse,0.295,0.49,0.295,60,1665792000,21.564864,False,0.22486639122977112,64.55424395744693,1,0,-1
mekaverse,0.31,0.989,0.31,18,1665878400,9.6546,False,0.22936639122977112,67.74962266027676,1,0,-1
mekaverse,0.3,0.4,0.3,24,1665964800,8.052,False,0.2343663912297711,63.01565485627763,1,0,-1
mekaverse,0.37,1.25,0.37,12,1666051200,9.72,False,0.2428663912297711,77.04833585172575,1,0,-1
mekaverse,0.235,0.3249,0.235,60,1666310400,15.708744,False,0.2446163912297711,40.24087423493918,0,1,1
mekaverse,0.245,1.2,0.245,66,1666396800,29.3440806,False,0.2471113912297711,42.772243875586085,0,1,1
mekaverse,0.235,0.2589,0.235,18,1666483200,4.3740000000000006,False,0.2500763912297711,40.62136545417593,0,1,1
mekaverse,0.235513,0.2845,0.235513,90,1666569600,22.402542,False,0.25311704122977113,40.81222470844437,0,1,1
mekaverse,0.2199,0.32,0.2199,12,1666656000,3.2394000000000003,False,0.2537459900473934,36.365396509608544,0,1,1
mekaverse,0.185,0.29,0.185,48,1666742400,11.5542,False,0.2519959900473934,27.87805567130213,0,1,1
mekaverse,0.26,0.26,0.26,6,1666828800,1.56,False,0.2541934400473934,55.67031331122298,1,0,-1
mekaverse,0.2121,0.444444,0.2121,42,1666915200,12.343284000000002,False,0.25302735000000004,42.5731683132312,0,1,1
mekaverse,0.22,0.22,0.22,6,1667001600,1.32,False,0.24752735,45.22961062703618,0,1,1
mekaverse,0.2,0.5,0.2,24,1667088000,7.2492,False,0.24424235000000002,39.45409763206248,0,1,1
mekaverse,0.1864,0.22939,0.1864,48,1667174400,9.90414,False,0.24506235000000004,35.59107102601488,0,1,1
mekaverse,0.156,0.6,0.156,36,1667260800,11.915340000000002,False,0.24381065,27.945745630895896,0,1,1
mekaverse,0.333,0.345,0.333,12,1667347200,4.068,False,0.25046065,71.89092206528137,1,0,-1
mekaverse,0.21,0.5,0.21,48,1667520000,14.385227862593116,False,0.24666065,46.99436743597155,0,1,1
mekaverse,0.233851,0.4615,0.233851,36,1667606400,10.460412,False,0.24464319999999998,51.099175650881435,0,0,0
mekaverse,0.26545,0.6,0.26545,12,1667692800,5.1927,False,0.2453607,56.65770056733896,1,0,-1
mekaverse,0.23,0.23,0.23,6,1667779200,1.38,False,0.2421107,48.86799858689106,0,1,1
mekaverse,0.207551,0.488,0.207551,24,1667865600,6.829506,False,0.23698825,44.07163762352969,0,1,1
mekaverse,0.19176,0.75,0.19176,42,1667952000,12.538737849655185,False,0.23157625000000004,40.570417391343426,0,1,1
mekaverse,0.22,0.22,0.22,6,1668038400,1.32,False,0.22407625000000003,49.532993519296184,0,1,1
mekaverse,0.1809,0.5,0.1809,42,1668124800,11.877864,False,0.22137125000000002,39.280504505314504,0,1,1
mekaverse,0.215,14.2,0.215,36,1668211200,174.5994,False,0.21987125000000002,50.459079477415834,0,0,0
mekaverse,0.15,1.3666,0.15,42,1668297600,16.610714094430296,False,0.21562125000000001,35.073683980819006,0,1,1
mekaverse,0.223,1.0,0.223,24,1668384000,10.65,False,0.2149956,54.53480696204155,1,0,-1
mekaverse,0.2399,0.5,0.2399,36,1668470400,12.101399999999998,False,0.2159956,58.16370072573698,1,0,-1
mekaverse,0.21167,0.45,0.134,162,1668556800,44.24066263142775,False,0.21732910000000003,49.85491791028224,0,1,1
mekaverse,0.23801,0.444,0.23801,42,1668643200,12.432120000000005,False,0.21622960000000005,57.016402223577714,1,0,-1
mekaverse,0.3418,1.35,0.3,120,1668729600,55.654799999999994,False,0.22271460000000004,74.76652870283158,1,0,-1
mekaverse,0.3298,0.49,0.3298,54,1668816000,20.534460000000003,False,0.22820460000000004,70.55570946252122,1,0,-1
mekaverse,0.3,0.74,0.3,30,1668902400,11.982060000000002,False,0.2332046,60.0563388599418,1,0,-1
mekaverse,0.30001,0.355,0.30001,24,1668988800,8.008259999999998,False,0.23888510000000002,60.058831993888504,1,0,-1
mekaverse,0.29281,0.6444,0.2928,138,1669075200,50.918058883963134,False,0.24572560000000004,56.86449006700516,1,0,-1
mekaverse,0.3248,2.0,0.3248,90,1669161600,47.12687999999999,False,0.24531560000000002,66.70076279206707,1,0,-1
mekaverse,0.3699,1.0,0.31631,648,1669248000,325.08153596129034,False,0.25331060000000005,76.24628169296844,1,0,-1
mekaverse,0.3357035,1.0,0.3,108,1669334400,56.62452,False,0.25840322500000007,59.95645885853019,1,0,-1
mekaverse,0.41111,0.799,0.41111,96,1669420800,49.84086000000001,False,0.26568622500000005,74.79780291706446,1,0,-1
mekaverse,0.3675014614,0.79,0.349,150,1669507200,66.29583540879538,False,0.27256129807,58.992284812281994,1,0,-1
mekaverse,0.35657112488,2.25,0.3548117104,102,1669593600,53.8449702624,False,0.28001230431400004,55.32920533804302,1,0,-1
mekaverse,0.35706,1.0,0.35706,72,1669680000,35.4052731084,False,0.288277304314,55.48374649052236,1,0,-1
mekaverse,0.35,0.46,0.35,96,1669766400,37.292376,False,0.294777304314,52.222420268688886,1,0,-1
mekaverse,0.1520600000614912,0.4198,0.1520600000614912,90,1669852800,29.51872201798553,False,0.29333530431707455,17.066147214982344,0,1,1
mekaverse,0.32446,12.2,0.32446,90,1669939200,104.74266,False,0.29880830431707456,52.142272586311066,1,0,-1
mekaverse,0.3211,19.648218299564594,0.3211,54,1670025600,141.6034413151333,False,0.3073633043170746,51.610495245743635,1,0,-1
mekaverse,0.3216,0.66,0.3216,60,1670112000,24.34374,False,0.3122933043170746,51.702119127665526,1,0,-1
mekaverse,0.3233,1.0,0.3233,90,1670198400,39.97379999999999,False,0.31646330431707453,52.08768060525797,1,0,-1
mekaverse,0.37,0.75,0.37,78,1670284800,37.503,False,0.3243798043170746,62.395808305581234,1,0,-1
mekaverse,0.3,0.7,0.3,54,1670371200,23.53686,False,0.32747930431707456,44.469642606363436,0,1,1
mekaverse,0.2674588709677419,0.75,0.2535,108,1670457600,43.150454930875576,False,0.32376224786546165,38.10770537237838,0,1,1
mekaverse,0.31,0.5,0.31,42,1670544000,16.0152,False,0.32277224786546166,49.83533113096376,0,1,1
mekaverse,0.2933824884792625,0.55,0.2933824884792625,36,1670630400,16.328294930875575,False,0.32244137228942477,45.614985270642784,0,1,1
mekaverse,0.33001,0.525,0.33001,72,1670716800,26.167859999999997,False,0.32394137228942477,55.9037606540533,1,0,-1
mekaverse,0.2,1.2100001,0.2,36,1670803200,15.6846006,False,0.3193008722894247,30.392554333842735,0,1,1
mekaverse,0.3004,0.42,0.3004,66,1670889600,22.07502,False,0.3180808722894247,51.678649595739024,0,0,0
mekaverse,0.33,0.899,0.33,42,1670976000,18.06966,False,0.31608587228942475,56.572727411572686,1,0,-1
mekaverse,0.33,0.59,0.33,54,1671062400,22.2792,False,0.3158006972894247,56.572727411572686,1,0,-1
mekaverse,0.33,1.23,0.33,30,1671148800,16.9548,False,0.31174519728942474,56.572727411572686,1,0,-1
mekaverse,0.31,0.44,0.31,48,1671235200,16.4586,False,0.3088701242194247,49.90274665178832,0,0,0
mekaverse,0.3151,0.33,0.3151,24,1671321600,7.764,False,0.3067965679754247,51.717257576933065,1,0,-1
mekaverse,0.3234354829,0.5,0.3234354829,48,1671408000,17.6546728974,False,0.30511534212042474,55.043891302631366,1,0,-1
mekaverse,0.28079481,1.99,0.28079481,60,1671494400,30.54106379087557,False,0.30165508262042473,38.209761247444966,0,1,1
mekaverse,0.333,0.349,0.333,24,1671580800,8.136000000000001,False,0.3107020826173502,57.909648675656356,1,0,-1
mekaverse,0.31197,0.333,0.31197,18,1671667200,5.81982,False,0.3100775826173502,49.89894225552941,0,0,0
mekaverse,0.25065325,0.555,0.25,114,1671753600,43.69927894625051,False,0.30655524511735016,33.17392403747634,0,1,1
mekaverse,0.3177,0.4,0.3177,72,1671840000,24.177,False,0.30636024511735016,54.16985404660958,1,0,-1
mekaverse,0.32,0.32,0.32,6,1671926400,1.92,False,0.3061952451173502,54.77909421792314,1,0,-1
mekaverse,0.31023,0.6,0.31023,36,1672012800,13.45284,False,0.3032067451173502,51.16742790600852,1,0,-1
mekaverse,0.31,0.3652,0.31,36,1672099200,11.790870000000002,False,0.3037067451173502,51.06834748084772,1,0,-1
mekaverse,0.32,1.111,0.32,84,1672185600,36.997319999999995,False,0.30633380156896306,55.727534665334055,1,0,-1
mekaverse,0.33,0.7,0.33,36,1672272000,14.8068,False,0.3073338015689631,60.43649515549736,1,0,-1
mekaverse,0.39721,0.41,0.39721,24,1672531200,9.69006,False,0.312525177145,79.10654575093541,1,0,-1
mekaverse,0.38,0.4549,0.38,60,1672617600,24.069000000000003,False,0.315024677145,68.7258212924181,1,0,-1
mekaverse,0.35,0.392,0.3301,132,1672704000,47.981956866359454,False,0.322524677145,53.44428790487865,1,0,-1
mekaverse,0.35,1.99,0.001,366,1672790400,206.54213286035943,False,0.325004677145,53.44428790487865,1,0,-1
mekaverse,0.52,0.668,0.52,114,1672876800,64.41950849999999,False,0.334504677145,84.31817452754535,1,0,-1
mekaverse,0.5261,0.65,0.5261,60,1672963200,33.4266,False,0.34430967714499994,84.77115170184513,1,0,-1
mekaverse,0.4936,0.684,0.4936,36,1673049600,19.11366,False,0.35248967714499996,71.0945143073443,1,0,-1
mekaverse,0.43,0.5688,0.43,96,1673136000,45.75302068705489,False,0.35848967714499996,50.97650272031373,1,0,-1
mekaverse,0.43,0.78,0.43,90,1673222400,48.9702,False,0.3642346771449999,50.97650272031372,1,0,-1
mekaverse,0.4,1.5,0.4,186,1673308800,94.85508000000002,False,0.36806290299999994,42.17950287586403,0,0,0
mekaverse,0.2452449999999999,0.989,0.2,162,1673395200,73.64319000000002,False,0.36628541249999996,19.96425645072044,0,1,1
mekaverse,0.41021,0.48139,0.41021,36,1673481600,15.988086666666003,False,0.37014591249999995,52.969654831765276,1,0,-1
mekaverse,0.41,0.68,0.41,84,1673568000,39.06786,False,0.37504741249999995,52.934918756879036,1,0,-1
mekaverse,0.3565,0.535,0.35,234,1673654400,91.57085999999995,False,0.38033975,43.79011856544203,0,1,1
mekaverse,0.33,0.95,0.32,336,1673740800,121.33134000000008,False,0.38095474999999995,39.55878714663863,0,1,1
mekaverse,0.33,0.4072,0.33,42,1673827200,15.0468,False,0.38145474999999995,39.558787146638636,0,1,1
mekaverse,0.15,1.1963,0.15,36,1673913600,27.1236,False,0.37344324999999995,19.530109948430212,0,1,1
mekaverse,0.31256,1.89,0.31101,132,1674000000,83.3241594,False,0.37357125,48.79611362885767,0,1,1
mekaverse,0.31125,0.42,0.3108,132,1674086400,45.1065,False,0.37313375,48.6180009928288,0,1,1
mekaverse,0.3111,1.77,0.3,156,1674172800,64.21731333333332,False,0.37218874999999996,48.59261408907005,0,1,1
mekaverse,0.34,0.599,0.34,90,1674259200,35.02626000000001,False,0.36932824999999997,54.33523868996425,0,0,0
mekaverse,0.34,1.0812,0.34,114,1674345600,48.23046,False,0.36732824999999997,54.33523868996426,0,0,0
mekaverse,0.34907,0.69,0.34907,66,1674432000,27.36996000000001,False,0.36728174999999996,56.70679848918117,0,0,0
mekaverse,0.34303,0.385,0.34303,72,1674518400,26.28138,False,0.36693325,54.35690969239757,0,0,0
mekaverse,0.3323195,0.445,0.331,108,1674604800,38.845637999999994,False,0.35754922499999997,49.784075558668725,0,1,1
mekaverse,0.31,0.374,0.31,132,1674691200,44.6115,False,0.3467442249999999,40.83551035025966,0,1,1
mekaverse,0.28,0.5,0.27203,276,1674777600,83.54802000000001,False,0.33606422499999994,31.36363192863021,0,1,1
mekaverse,0.1527200000798884,0.55,0.001,288,1674864000,79.27824280877606,False,0.32220022500399437,14.063659786401184,0,1,1
mekaverse,0.25,0.65,0.19,192,1674950400,52.7748,False,0.31320022500399436,43.72129678738166,0,1,1
mekaverse,0.25,0.55,0.25,66,1675036800,22.0836,False,0.30570022500399435,43.721296787381654,0,1,1
mekaverse,0.2456,0.27,0.2456,48,1675123200,12.2136,False,0.30571797500399434,42.68033063833103,0,1,1
mekaverse,0.184,0.45,0.184,42,1675209600,11.92524,False,0.29440747500399433,30.127437839472744,0,1,1
mekaverse,0.23,1.0,0.23,102,1675296000,35.34852000000001,False,0.2854074750039944,45.178144948970754,0,1,1
mekaverse,0.132132,0.2617,0.132132,60,1675382400,13.682412,False,0.2741890750039944,28.72369336533014,0,1,1
mekaverse,0.22,0.3158,0.22,60,1675468800,14.00952,False,0.2686890750039944,49.40448231509939,0,1,1
mekaverse,0.1881,0.48,0.1881,96,1675555200,22.460159999999995,False,0.2615940750039944,43.65620338351203,0,1,1
mekaverse,0.20864,0.287,0.20864,42,1675641600,9.62304,False,0.2645260750039944,48.48079342607322,0,1,1
mekaverse,0.183,0.251,0.18217,180,1675728000,38.114340000000006,False,0.25804807500399435,42.76669644468103,0,1,1
mekaverse,0.127,0.8,0.127,60,1675814400,20.5914,False,0.24883557500399434,32.35540238985378,0,1,1
mekaverse,0.17,0.45,0.17,66,1675900800,15.7416,False,0.24178057500399436,45.167673585710446,0,1,1
mekaverse,0.150676,1.5,0.150676,54,1675987200,21.358056,False,0.23231437500399435,40.82409071594752,0,1,1
mekaverse,0.22,0.44,0.22,48,1676073600,12.357840000000005,False,0.22631437500399434,58.65403883723682,0,0,0
mekaverse,0.17017,0.499,0.17017,42,1676160000,11.54082,False,0.2173693750039943,46.15806696214857,0,1,1
mekaverse,0.182,0.27,0.182,42,1676246400,9.5514,False,0.20931787500399435,49.359704882178015,0,1,1
mekaverse,0.21,0.3,0.1868867,150,1676332800,33.86278020000003,False,0.20320190000399435,56.93588658233397,1,0,-1
mekaverse,0.20721,0.56,0.20721,54,1676419200,16.90908,False,0.19806240000399436,55.894341240769684,1,0,-1
mekaverse,0.20071054995059967,0.24,0.1903397003149698,54,1676505600,12.170038201889822,True,0.19409792750152435,53.067489350678464,1,0,-1
mekaverse,0.20120114088058472,0.38,0.168,36,1676592000,9.996,False,0.19652198454155917,53.29038133559996,1,0,-1
mekaverse,0.2018929421901703,0.365,0.224,96,1676678400,24.44382,False,0.19411663165106768,53.67815507154617,1,0,-1
mekaverse,0.2008727639913559,0.66,0.2,150,1676764800,40.072056,False,0.19166026985063547,52.86909894768854,1,0,-1
mekaverse,0.19949835538864136,0.39,0.2168,96,1676851200,26.90394000000001,False,0.18935518762006753,51.560378155870815,1,0,-1
mekaverse,0.1982833743095398,0.3499,0.26506,84,1676937600,25.126566,False,0.1900693563355445,50.18758515645446,1,0,-1
mekaverse,0.1970534771680832,0.49,0.28553,174,1677024000,61.09634999999997,False,0.18842203019394868,48.55188262107684,0,0,0
mekaverse,0.19572778046131134,0.64,0.182349,288,1677110400,100.70129400000002,False,0.19160181921701425,46.50950905503576,0,0,0
mekaverse,0.1937740594148636,0.3498,0.2187,138,1677196800,37.59240000000005,False,0.1902905221877574,43.16459354255493,0,0,0
mekaverse,0.19320379197597504,0.35,0.2399792394999999,186,1677283200,48.946135436999995,False,0.19054571178655616,42.060901262714104,0,0,0
mekaverse,0.1926693469285965,0.4,0.26001,90,1678233600,26.80524,False,0.189747179132986,40.83765023555607,0,0,0
mekaverse,0.19311539828777313,0.32,0.27,48,1678320000,13.668,False,0.19025294904737466,42.57983135041372,0,0,0
mekaverse,0.1936224400997162,0.3,0.24,60,1678406400,15.779999999999996,False,0.19358407105236047,44.885937180530306,0,0,0
mekaverse,0.19347208738327026,0.27,0.2339,42,1678492800,10.1322,False,0.19475767542152397,44.22754431746243,0,1,1
mekaverse,0.1932346224784851,0.25,0.23,60,1678579200,13.991226000000012,False,0.19688560654544823,42.98283471819027,0,1,1
mekaverse,0.19258885085582733,0.23,0.22221,12,1678665600,2.71326,False,0.1955150490882396,39.22981371929068,0,1,1
mekaverse,0.19196341931819916,0.21402,0.2133,12,1678752000,2.5639200000000004,False,0.19660472005414956,35.47944793935899,0,1,1
mekaverse,0.19158045947551727,0.36,0.1941,90,1678838400,20.970594000000016,False,0.19708374302792542,33.06037673534013,0,1,1
mekaverse,0.19136491417884827,0.23,0.212,54,1678924800,12.20160000000001,False,0.19615198873686784,31.547072692339196,0,1,1
mekaverse,0.19025494158267975,0.5,0.204,90,1679011200,21.561060000000012,False,0.19530423581600181,24.36731496062541,0,1,1
mekaverse,0.19027867913246155,0.22,0.22,18,1679097600,3.9600000000000017,False,0.19478264227509492,24.824676534551838,0,1,1
mekaverse,0.19001013040542603,0.23,0.22,18,1679184000,4.0200000000000005,False,0.19422309175133698,22.869010257305643,0,1,1
mekaverse,0.1897473931312561,0.2415,0.21,18,1679270400,4.029,False,0.19361581429839128,20.859358945288147,0,1,1
mekaverse,0.1882832944393158,0.212,0.21,12,1679356800,2.532,False,0.19298634082078928,12.939137262639111,0,1,1
mekaverse,0.18830251693725586,1.75,0.2009,60,1679443200,21.8514,False,0.19242654889822,13.478288942706824,0,1,1
mekaverse,0.18863223493099213,0.5,0.19911,36,1679529600,9.65592,False,0.19194399192929262,23.619984659116234,0,1,1
mekaverse,0.18787233531475067,0.21,0.2,12,1679702400,2.46,False,0.191484934836626,17.657387034153086,0,1,1
mekaverse,0.18733283877372742,0.3518,0.2,48,1679788800,10.8108,False,0.1910651877522468,14.425663862023267,0,1,1
mekaverse,0.18674564361572266,0.289,0.1810999999999999,36,1679875200,8.017859999999999,False,0.19071376696228975,11.549706314256682,0,1,1
mekaverse,0.1863737851381302,1.0187,0.2,42,1679961600,13.703399999999997,False,0.1903722666203975,9.975421981680787,0,1,1
mekaverse,0.18619823455810547,0.4,0.19,12,1680048000,3.5399999999999996,False,0.19004871100187296,9.232780288178398,0,1,1
mekaverse,0.18606562912464142,0.229,0.19,18,1680134400,3.708,False,0.18969622254371638,8.626397870500345,0,1,1
mekaverse,0.18545883893966675,0.2081,0.1651,54,1680220800,9.985260000000002,False,0.1892880424857139,6.270708773588578,0,1,1
mekaverse,0.18622981011867523,0.26,0.19,12,1680307200,2.6999999999999993,False,0.18892592862248414,34.62459025347865,0,1,1
mekaverse,0.18577544391155243,0.2185,0.19,12,1680393600,2.4509999999999996,False,0.1885529696941375,28.314637751792386,0,1,1
mekaverse,0.1862071454524994,0.25,0.17011,42,1680480000,8.211660000000006,False,0.1882338844239711,41.06934038185374,0,1,1
mekaverse,0.18568439781665802,0.4,0.17425,54,1680566400,11.478779999999992,False,0.18791993334889406,32.35554963237482,0,1,1
mekaverse,0.18510830402374268,0.19,0.16907,78,1680652800,14.528167199999992,False,0.18759632557630532,25.037550301238586,0,1,1
mekaverse,0.18388856947422028,0.19,0.17001,30,1680739200,5.340179999999997,False,0.18722250834107393,15.662321697010182,0,1,1
mekaverse,0.1832026243209839,0.23,0.171,30,1680825600,5.752571999999999,False,0.18686989247798913,12.39869731759619,0,1,1
mekaverse,0.18335062265396118,0.49,0.17,84,1680912000,17.278799999999997,False,0.18652348965406412,17.05977847231338,0,1,1
mekaverse,0.182564377784729,0.188881,0.16,36,1680998400,6.260825999999999,False,0.18615120202302926,12.605728668597024,0,1,1
mekaverse,0.1818326860666275,0.2347,0.18478,12,1681084800,2.5168799999999996,False,0.18575546666979784,9.669105046472357,0,1,1
mekaverse,0.18133622407913208,0.18,0.16033,12,1681171200,2.04198,False,0.18540811315178865,8.07385381048626,0,1,1
mekaverse,0.18207907676696777,0.179864,0.179864,6,1681257600,1.079184,False,0.18509694114327424,29.75128843168941,0,1,1
mekaverse,0.18259234726428986,0.16327,0.16,18,1681344000,2.8996199999999988,False,0.18479494675993913,41.637792823061766,0,1,1
mekaverse,0.1843249648809433,0.17968,0.16,36,1681430400,5.978999999999999,False,0.18461757823824876,65.94918208944117,0,0,0
mekaverse,0.18482159078121185,0.1649,0.14416,54,1681516800,8.513160000000005,False,0.18449201583862299,70.37127342038568,1,0,-1
mekaverse,0.1857345551252365,0.25,0.15,18,1681603200,3.359399999999999,False,0.18444146141409867,77.18101880800174,1,0,-1
mekaverse,0.17720063030719757,0.1599,0.1599,6,1681689600,0.9593999999999998,False,0.18398280367255204,20.941883441416277,0,1,1
mekaverse,0.1795990765094757,0.16,0.1397,30,1681776000,4.498200000000001,False,0.18365284577012056,37.05502952018011,0,1,1
mekaverse,0.18155033886432648,0.175,0.14,24,1681862400,3.894,False,0.1834270812571048,47.86158737196877,0,1,1
mekaverse,0.18369612097740173,0.2,0.14001,36,1681948800,5.94126,False,0.18333894535899156,57.81671279992604,1,0,-1
mekaverse,0.18475373089313507,0.3,0.16,30,1682035200,6.02766,False,0.18326514139771455,62.25667245330415,1,0,-1
mekaverse,0.18527069687843323,0.199,0.1553,42,1682121600,7.4370000000000065,False,0.18323990404605858,64.53731235574855,1,0,-1
mekaverse,0.18450994789600372,0.3,0.1828,24,1682208000,5.175144000000001,False,0.1831550441682338,58.0815952255928,1,0,-1
mekaverse,0.18407833576202393,0.27,0.16412,30,1682294400,5.909100000000002,False,0.1830747410655021,54.23418070595047,1,0,-1
mekaverse,0.18350468575954437,0.1999,0.18,12,1682380800,2.2794,False,0.18299456015229218,48.85737949143069,0,0,0
mekaverse,0.18194402754306793,0.8,0.001,30,1682467200,7.866,False,0.18289733305573458,36.53847410469014,0,1,1
mekaverse,0.1807890385389328,0.21,0.1997,18,1682553600,3.657599999999999,False,0.18277665376663202,29.62778708260714,0,1,1
mekaverse,0.18361195921897888,0.6,0.15993,30,1682640000,8.105579999999998,False,0.1827897205948829,55.39942851187669,1,0,-1
mekaverse,0.18279476463794708,0.2,0.18,30,1682726400,5.635799999999999,False,0.1828012399375438,48.917003077010335,0,1,1
mekaverse,0.1803874522447586,0.2,0.17,42,1682812800,7.729800000000002,False,0.18272897824645035,34.186824916534654,0,1,1
mekaverse,0.1805119514465332,0.2,0.17,12,1682899200,2.22,False,0.18268776461482042,35.44352627879716,0,1,1
mekaverse,0.1837090104818344,0.18,0.15,24,1682985600,3.87,False,0.18276926130056376,59.97573705442526,1,0,-1
mekaverse,0.18382073938846588,0.178,0.157,12,1683072000,2.01,False,0.18283068090677254,60.62931111521087,1,0,-1
mekaverse,0.18489065766334534,0.1672,0.15,24,1683158400,3.901319999999999,False,0.18285896554589265,67.06660128850342,1,0,-1
mekaverse,0.18462978303432465,0.1899,0.1285099999999999,30,1683417600,4.670459999999999,False,0.1828493751585483,63.88308410212503,1,0,-1
mekaverse,0.1849433332681656,0.1937,0.13,24,1683504000,3.87432,False,0.18280981406569474,66.28733239621668,1,0,-1
mekaverse,0.18529684841632843,0.2,0.2,6,1683590400,1.2,False,0.1832146249711513,69.17886563873876,1,0,-1
mekaverse,0.1858297884464264,0.13,0.13,6,1683676800,0.78,False,0.1835261605679988,73.46728365683987,1,0,-1
mekaverse,0.18699730932712555,0.349,0.11,78,1683763200,11.213999999999992,False,0.18379850909113876,80.78755839871317,1,0,-1
mekaverse,0.1863914132118225,0.199,0.1499,36,1683849600,6.230579999999997,False,0.1839332737028598,68.52363127627414,1,0,-1
mekaverse,0.18558664619922638,0.1999,0.1999,6,1684713600,1.1994,False,0.18397491946816438,54.72964674782818,1,0,-1
mekaverse,0.1857728809118271,0.1799,0.14741,18,1683936000,2.8638599999999985,False,0.18400002866983406,57.22070274795495,1,0,-1
mekaverse,0.18937917053699493,0.1794,0.1793,24,1684022400,4.304999999999999,False,0.18424348980188363,81.65493854869881,1,0,-1
mekaverse,0.1921553611755371,0.587,0.15501,24,1684108800,6.788459999999999,False,0.18464734107255928,88.1615865622372,1,0,-1
mekaverse,0.19364909827709198,0.1794,0.17,12,1684195200,2.0964,False,0.18515456169843666,90.44168830764666,1,0,-1
