Collection,FloorEthPrice,MaxEthPrice,MinEthPrice,Sales,TimeStamp,VolumeInEth
pudgypenguins,1.7,2.8,1.7,18,1641859200,43.2
pudgypenguins,4.2,4.2,4.2,6,1641945600,25.2
pudgypenguins,1.4,1.69,1.4,24,1642032000,36.54
pudgypenguins,1.52,376.0,1.52,18,1642118400,2274.426
pudgypenguins,1.34,1.34,1.34,6,1642204800,8.040000000000001
pudgypenguins,1.29,1.41,1.29,18,1642291200,24.54
pudgypenguins,1.29,1.4,1.29,12,1642377600,16.14
pudgypenguins,1.0,1.1,1.0,12,1642464000,12.6
pudgypenguins,0.87,1.26,0.87,18,1642550400,18.18
pudgypenguins,0.99,4.9,0.99,18,1642636800,41.346
pudgypenguins,1.199,1.199,1.199,6,1642723200,7.194
pudgypenguins,0.95,1.0,0.95,18,1642809600,17.46
pudgypenguins,0.85,0.97,0.85,12,1642896000,10.919999999999998
pudgypenguins,0.95,0.95,0.95,6,1643068800,5.7
pudgypenguins,0.892,4.69,0.892,12,1643155200,33.492000000000004
pudgypenguins,0.921,1.299,0.921,42,1643241600,45.4812
pudgypenguins,1.0,1.4,1.0,24,1643328000,29.514000000000003
pudgypenguins,1.4,1.4,1.4,6,1643414400,8.4
pudgypenguins,1.04,2.3,1.04,30,1643500800,42.900000000000006
pudgypenguins,1.2,1.88,1.2,60,1643673600,90.12
pudgypenguins,1.5,1.8,1.5,24,1643760000,38.105999999999995
pudgypenguins,1.17,3.65,1.17,42,1643846400,75.06
pudgypenguins,1.14,1.25,1.14,18,1643932800,21.54
pudgypenguins,1.0,1.229,1.0,30,1644105600,32.64
pudgypenguins,1.011,1.03,1.011,12,1644192000,12.246
pudgypenguins,1.0205,1.25,1.0205,30,1644278400,34.923
pudgypenguins,1.0155,1.3,1.0155,24,1644364800,27.093000000000004
pudgypenguins,1.06,1.06,1.06,6,1644451200,6.360000000000001
pudgypenguins,1.08,1.3,1.08,18,1644537600,21.78
pudgypenguins,1.086,1.086,1.086,6,1644624000,6.516000000000001
pudgypenguins,1.06,1.2,1.06,18,1644710400,20.0706
pudgypenguins,0.97,0.9751,0.97,12,1644796800,11.6706
pudgypenguins,0.92,1.25,0.92,18,1644883200,19.92
pudgypenguins,1.4,1.51,1.4,12,1644969600,17.46
pudgypenguins,3.0,3.0,3.0,6,1645142400,18.0
pudgypenguins,1.045,1.2,1.045,12,1645228800,13.469999999999999
pudgypenguins,0.91,1.0,0.91,12,1645401600,11.46
pudgypenguins,0.859,1.15,0.859,12,1645574400,12.054
pudgypenguins,0.761,1.19,0.761,18,1645660800,16.854
pudgypenguins,0.76,0.842,0.76,12,1645920000,9.611999999999998
pudgypenguins,0.7661,0.7663,0.7661,18,1646179200,13.791599999999999
pudgypenguins,0.75,0.908,0.75,36,1646265600,30.048000000000005
pudgypenguins,0.76,1.6,0.76,18,1646352000,19.56
pudgypenguins,0.682,0.683,0.682,12,1646524800,8.190000000000001
pudgypenguins,0.6511,0.664,0.6511,24,1646611200,15.7866
pudgypenguins,0.59,0.655,0.59,12,1646697600,7.470000000000001
pudgypenguins,0.59,0.59,0.59,6,1646784000,3.5399999999999996
pudgypenguins,0.6499,0.72,0.6499,12,1646870400,8.2194
pudgypenguins,0.998,0.998,0.998,6,1646956800,5.988
pudgypenguins,0.69,0.69,0.69,6,1647043200,4.14
pudgypenguins,0.715,0.715,0.715,6,1647216000,4.29
pudgypenguins,0.88,0.88,0.88,6,1647388800,5.28
pudgypenguins,0.852,0.852,0.852,6,1647475200,5.112
pudgypenguins,0.812,0.9,0.812,12,1647648000,10.272000000000002
pudgypenguins,1.06,1.06,1.06,6,1647734400,6.360000000000001
pudgypenguins,1.0,1.44,1.0,96,1647820800,114.83400000000003
pudgypenguins,0.9252,0.969,0.9252,12,1648080000,11.365200000000002
pudgypenguins,0.8113,1.3,0.8113,12,1648252800,12.6678
pudgypenguins,0.85,0.97,0.85,24,1648339200,22.410000000000004
pudgypenguins,0.685,1.35,0.685,90,1648425600,89.616
pudgypenguins,3.0,3.0,3.0,6,1648512000,18.0
pudgypenguins,1.12,1.55,1.12,60,1648684800,80.06400000000001
pudgypenguins,1.5,5.25,1.3,432,1648771200,985.0715999999999
pudgypenguins,2.1497,2.39,2.125,114,1648857600,257.7414
pudgypenguins,2.43,3.79,2.4,144,1648944000,393.054
pudgypenguins,2.79,5.66,2.75,150,1649030400,498.234
pudgypenguins,3.2,5.25,3.05,168,1649116800,625.0968
pudgypenguins,2.512,3.54,2.512,60,1649203200,187.4526
pudgypenguins,2.25,3.2,2.25,30,1649289600,77.46
pudgypenguins,3.0,3.0,3.0,6,1649376000,18.0
pudgypenguins,2.0,5.0,2.0,54,1649462400,135.3192
pudgypenguins,2.0,2.8,2.0,24,1649548800,59.400000000000006
pudgypenguins,1.6750001,3.45,1.6750001,36,1649635200,83.9160006
pudgypenguins,1.94,2.27,1.94,18,1649721600,37.260000000000005
pudgypenguins,2.175,2.35,2.175,24,1649808000,54.540000000000006
pudgypenguins,2.3,2.3,2.3,6,1649894400,13.8
pudgypenguins,2.1,2.5,2.1,48,1649980800,109.14
pudgypenguins,2.15,2.49,2.15,18,1650067200,40.74
pudgypenguins,2.15,2.15,2.15,6,1650153600,12.9
pudgypenguins,2.2,2.22,2.2,12,1650326400,26.520000000000003
pudgypenguins,1.901,2.3,1.901,24,1650412800,51.54600000000001
pudgypenguins,2.3,2.9,2.3,48,1650499200,124.61999999999999
pudgypenguins,2.05,2.69,2.05,36,1650585600,85.446
pudgypenguins,1.85,1.96,1.85,30,1650672000,57.120000000000005
pudgypenguins,1.8134,2.07,1.8134,24,1650758400,46.8204
pudgypenguins,1.75,2.0,1.75,30,1650844800,57.12
pudgypenguins,1.959,2.08,1.959,54,1650931200,108.59399999999998
pudgypenguins,1.75,2.75,1.75,66,1651017600,136.19400000000002
pudgypenguins,2.07,2.39,2.07,24,1651104000,51.6
pudgypenguins,1.701,1.9,1.701,18,1651190400,32.934
pudgypenguins,1.7,1.88,1.7,12,1651276800,21.479999999999997
pudgypenguins,1.9,8.9,1.9,18,1651363200,76.19999999999999
pudgypenguins,6.5,6.5,6.5,6,1651536000,39.0
pudgypenguins,1.652,1.652,1.652,6,1651622400,9.911999999999999
pudgypenguins,1.62,1.62,1.62,6,1651708800,9.720000000000002
pudgypenguins,1.8,1.8,1.8,6,1651795200,10.8
pudgypenguins,1.5,2.29,1.5,24,1651881600,41.46
pudgypenguins,1.32,1.325,1.32,12,1652054400,15.870000000000001
pudgypenguins,2.0,2.0,2.0,6,1652140800,12.0
pudgypenguins,1.2101,1.511,1.2101,54,1652227200,69.52199999999999
pudgypenguins,1.0,1.2101,1.0,30,1652313600,34.020599999999995
pudgypenguins,1.16,1.699,1.16,24,1652486400,35.742000000000004
pudgypenguins,1.261,1.261,1.261,6,1652572800,7.566
pudgypenguins,1.69,1.69,1.69,6,1652832000,10.139999999999999
pudgypenguins,1.25,1.6,1.25,24,1652918400,34.980000000000004
pudgypenguins,1.0,3.0,1.0,42,1653004800,58.5816
pudgypenguins,1.1551,1.1551,1.1551,6,1653177600,6.9306
pudgypenguins,1.1501,1.2,1.1501,12,1653264000,14.1006
pudgypenguins,1.1,1.1,1.1,12,1653436800,13.2
pudgypenguins,1.05,1.05,1.05,6,1653523200,6.3
pudgypenguins,15.0,15.0,15.0,6,1653696000,90.0
pudgypenguins,0.931,0.932,0.931,12,1653955200,11.178
pudgypenguins,0.91,0.91,0.91,6,1654387200,5.46
pudgypenguins,0.868,0.868,0.868,6,1654473600,5.208
pudgypenguins,0.999,0.999,0.999,6,1654560000,5.994
pudgypenguins,1.945,1.945,1.945,6,1654732800,11.67
pudgypenguins,0.86,0.86,0.86,6,1654992000,5.16
pudgypenguins,0.9369,0.9369,0.9369,6,1655078400,5.6213999999999995
pudgypenguins,1.5,1.5,1.5,6,1655164800,9.0
pudgypenguins,0.95,2.2,0.95,54,1655251200,71.43
pudgypenguins,0.89,2.0,0.89,48,1655337600,53.303999999999995
pudgypenguins,0.95,1.5,0.95,84,1655424000,90.378
pudgypenguins,0.975,2.5,0.975,36,1655510400,49.21420248015873
pudgypenguins,0.971,4.69,0.971,48,1655596800,81.37994753215919
pudgypenguins,0.97,1.59,0.97,78,1655683200,89.19000000000001
pudgypenguins,1.199,1.35,1.199,36,1655769600,44.496
pudgypenguins,1.29,3.78,1.29,54,1655856000,89.22000000000001
pudgypenguins,1.35,1.99,1.35,36,1655942400,56.82
pudgypenguins,1.273,1.75,1.273,54,1656028800,77.59799999999998
pudgypenguins,1.38,1.39,1.38,12,1656115200,16.619999999999997
pudgypenguins,1.29,3.55,1.29,42,1656201600,77.5399938
pudgypenguins,1.229,1.55,1.229,66,1656288000,93.174
pudgypenguins,1.35,2.89,1.35,48,1656374400,76.77000000000001
pudgypenguins,1.212,1.445,1.212,24,1656460800,32.622
pudgypenguins,0.009928910332756195,2.0,0.009927388245972316,84,1656547200,115.95677447672104
pudgypenguins,1.155,3.59,1.155,36,1656633600,71.25
pudgypenguins,1.201,1.5,1.201,24,1656720000,33.546
pudgypenguins,1.17,1.75,1.17,24,1656806400,33.72
pudgypenguins,1.175,1.79,1.175,66,1656892800,90.69446400000001
pudgypenguins,1.2,1.389,1.2,30,1656979200,38.028
pudgypenguins,1.065,1.4,1.065,96,1657065600,114.49799999999999
pudgypenguins,1.24,1.936,1.24,84,1657152000,125.64599999999999
pudgypenguins,1.27,3.99,1.2421921755,276,1657238400,469.12370610600004
pudgypenguins,1.5,2.268,1.35,132,1657324800,251.55
pudgypenguins,1.448,2.279,1.277,144,1657411200,280.25399999999996
pudgypenguins,1.39,2.371,1.389,216,1657497600,397.32000000000005
pudgypenguins,1.648,2.614,1.45,174,1657584000,373.308
pudgypenguins,1.591,4.0,1.45,372,1657670400,776.6544
pudgypenguins,1.65,3.187,1.6427,408,1657756800,902.96879988
pudgypenguins,2.22,5.0,1.851,888,1657843200,2503.6683366728403
pudgypenguins,2.3344032681645754,5.0,2.0,390,1657929600,1162.959516364154
pudgypenguins,1.952,3.602,1.8558,306,1658016000,777.1178400000001
pudgypenguins,1.8884999999999998,3.233,1.77,240,1658102400,593.1833999999999
pudgypenguins,1.66,2.989,1.6001,204,1658188800,458.25719999999995
pudgypenguins,1.92,4.0,1.7556,366,1658275200,941.1576
pudgypenguins,2.499,4.051,2.2711,216,1658361600,689.5866000000001
pudgypenguins,2.02048,4.099,0.772,348,1658448000,985.6145736111113
pudgypenguins,1.81,3.429,1.7238,216,1658534400,553.8575999999999
pudgypenguins,2.0151,4.2,2.0151,180,1658620800,477.91439999999994
pudgypenguins,1.95,3.402,1.8401,186,1658707200,481.81380000000007
pudgypenguins,1.8,3.5,1.8,96,1658793600,209.55720000000002
pudgypenguins,1.705,2.6,1.705,60,1658880000,120.624
pudgypenguins,1.735,3.4,1.7101,168,1658966400,343.91639999999995
pudgypenguins,1.95,4.8,1.6950750716899992,144,1659052800,333.55245043014
pudgypenguins,2.0,2.438,2.0,30,1659139200,63.35399999999999
pudgypenguins,1.84,5.19,1.84,54,1659225600,131.46
pudgypenguins,1.875,3.0001,1.875,24,1659312000,53.970600000000005
pudgypenguins,1.745,2.4,1.745,66,1659398400,129.516
pudgypenguins,1.0,5.0,1.0,84,1659484800,167.796
pudgypenguins,1.62,2.25,1.62,48,1659571200,87.7206
pudgypenguins,1.5318,2.0,1.5318,54,1659657600,93.4848
pudgypenguins,1.5045045014999996,2.45,1.5045045014999996,54,1659744000,99.225627009
pudgypenguins,1.301,2.3,1.301,48,1659830400,85.9728
pudgypenguins,1.85,3.7,1.841,216,1659916800,476.12940000000003
pudgypenguins,2.01242853802851,2.479,2.0120300400300106,102,1660003200,229.1691541532236
pudgypenguins,2.0618357487922707,4.3,2.011,270,1660089600,641.5910558927536
pudgypenguins,2.211,9.69,2.15,642,1660176000,1765.6866927536232
pudgypenguins,2.6,3.98,2.5,564,1660262400,1671.5601086600602
pudgypenguins,2.665,3.955,2.5011,234,1660348800,705.4950395260664
pudgypenguins,2.15,2.997,2.1,186,1660435200,459.2238315787225
pudgypenguins,1.9681146012415307,3.15,1.9323,126,1660521600,302.17208760744916
pudgypenguins,2.05,2.765,2.042069,132,1660608000,293.88547234300944
pudgypenguins,1.95,4.99,1.9,156,1660694400,364.91999999999996
pudgypenguins,2.33,14.69,2.249,492,1660780800,1487.3005527723515
pudgypenguins,2.5,6.8,2.5,198,1660867200,641.405549054149
pudgypenguins,2.63805,20.0,2.4,822,1660953600,2879.576645454546
pudgypenguins,3.4,12.0,2.550299021292,1764,1661040000,7183.323505508194
pudgypenguins,3.486635071090047,400.0,3.1696682464454975,846,1661126400,6384.8264520712955
pudgypenguins,3.451,13.37,0.5,522,1661212800,2203.300967468559
pudgypenguins,2.75044589680005,35.0,2.5633279124796844,552,1661299200,1923.6838599783034
pudgypenguins,2.915,4.1,2.881516587677725,246,1661385600,806.1405207167044
pudgypenguins,2.93,9.0,2.86742,192,1661472000,751.9405606154289
pudgypenguins,2.881516587677725,9.4,2.881516587677725,180,1661558400,678.1022923836601
pudgypenguins,2.603,4.099,0.05,384,1661644800,1220.208780434806
pudgypenguins,2.5,9.5,2.4642572704016446,324,1661731200,999.5045975604197
pudgypenguins,2.925772000730512,10.0,2.75,234,1661817600,826.4618674127953
pudgypenguins,2.9175,6.0,2.9,108,1661904000,373.23612
pudgypenguins,2.69,4.2,2.69,78,1661990400,248.09061538080033
pudgypenguins,2.9348,6.6,2.619560534252477,288,1662076800,991.0260597776602
pudgypenguins,3.0,5.5,3.0,54,1662163200,196.38000000000002
pudgypenguins,3.1001,4.2,3.000299050924,186,1662249600,657.3827270589766
pudgypenguins,3.05,4.6,3.05,90,1662336000,324.6558
pudgypenguins,3.22,4.4,3.22,84,1662422400,300.9
pudgypenguins,2.8877615541421804,4.69,2.8877615541421804,84,1662508800,286.68054692705175
pudgypenguins,2.81,5.0,2.81,42,1662595200,158.2665693248531
pudgypenguins,2.9501,4.0,2.9501,90,1662681600,314.540870731128
pudgypenguins,0.314,7.0,0.314,96,1662768000,368.0985827162705
pudgypenguins,3.12,4.59,3.12,54,1662854400,201.41362531953382
pudgypenguins,3.25,7.95,3.2302,204,1662940800,819.8045093436916
pudgypenguins,3.5,6.35,3.5,114,1663027200,443.81940000000003
pudgypenguins,3.33,4.2,3.250201070366316,162,1663113600,603.3872450727215
pudgypenguins,3.3001,11.11,3.3,138,1663200000,602.8904104265403
pudgypenguins,2.9738268129090857,5.0,2.8250099050474997,108,1663286400,400.3011383606564
pudgypenguins,3.0148082687844666,11.0,0.341,120,1663372800,471.8580953528632
pudgypenguins,3.201,3.73,3.201,72,1663459200,240.93120000000002
pudgypenguins,3.1,3.98,3.1,66,1663545600,217.45521011863872
pudgypenguins,3.01,5.98,3.01,90,1663632000,327.51605940739915
pudgypenguins,2.9440729044479528,12.0,2.8877615541421804,114,1663718400,460.57609312618837
pudgypenguins,2.81001,14.5,2.803651994312796,168,1663804800,608.9002781356094
pudgypenguins,2.9743944007664456,6.5,2.9743944007664456,42,1663891200,153.16522593812667
pudgypenguins,2.5,5.0,2.5,54,1663977600,186.679884057971
pudgypenguins,2.8,5.0,2.8,78,1664064000,258.8360440553964
pudgypenguins,2.841,4.59,2.841,54,1664150400,173.75635159420287
pudgypenguins,2.622511186988367,8.833,2.619560534252477,114,1664236800,364.75948809510146
pudgypenguins,2.7040055,4.0,2.7,102,1664323200,313.037124
pudgypenguins,2.4050099014092003,24.0,2.4050099014092003,78,1664409600,350.5716242264971
pudgypenguins,2.4910084838099102,4.0,2.4910084838099102,78,1664496000,240.93995607771097
pudgypenguins,2.82,3.1969,2.82,54,1664582400,162.5022
pudgypenguins,3.04,5.0,3.04,48,1664668800,176.04000000000002
pudgypenguins,2.6427109004739338,7.0,2.6427109004739338,48,1664755200,171.28321085738904
pudgypenguins,2.418454838650398,5.0,2.381418667502252,126,1664841600,372.4459163693049
pudgypenguins,2.5657387383242076,3.2,2.5657387383242076,30,1664928000,85.59179563546012
pudgypenguins,2.636225,6.99,2.6355,102,1665014400,327.201722330097
pudgypenguins,2.6353,3.1,2.6353,24,1665100800,68.2278
pudgypenguins,2.87,2.87,2.87,6,1665187200,17.220000000000002
pudgypenguins,2.6251,2.85,2.6251,24,1665273600,64.45746540284361
pudgypenguins,2.544,4.3,2.535,138,1665360000,392.63637976004236
pudgypenguins,2.49100848380991,5.1,2.49100848380991,78,1665446400,229.9347515792502
pudgypenguins,2.729,3.9,2.729,60,1665532800,178.23198284475447
pudgypenguins,2.6305,3.253756,2.6305,30,1665619200,87.865536
pudgypenguins,2.5657387383242076,6.29,2.5657387383242076,78,1665705600,253.70669783278888
pudgypenguins,2.4604352098023345,3.5,2.4604352098023345,42,1665792000,119.48726216167346
pudgypenguins,2.6305,11.0,2.6305,60,1665878400,223.4941734675345
pudgypenguins,2.5000950000000004,4.5,2.5,120,1665964800,349.70634109000554
pudgypenguins,2.564951801407997,3.69,2.55,120,1666051200,351.7565827600423
pudgypenguins,2.2694755309482,3.2,2.2694755309482,36,1666137600,100.95590408854865
pudgypenguins,2.766330474125742,3.2499,2.766330474125742,42,1666224000,125.55330517485153
pudgypenguins,2.641035,6.0,2.6405,102,1666310400,342.6501
pudgypenguins,2.49100848380991,3.49,2.49100848380991,90,1666396800,262.3885252524287
pudgypenguins,2.65,2.8,2.65,18,1666483200,48.929999999999986
pudgypenguins,2.849320388349515,3.89,2.849320388349515,84,1666569600,276.3915677846425
pudgypenguins,2.87091,4.95,2.855,138,1666656000,453.9398340000001
pudgypenguins,2.85,4.5,2.85,36,1666742400,115.10999999999999
pudgypenguins,2.72,3.18,2.72,42,1666828800,125.07629399999999
pudgypenguins,2.7431,11.0,2.7431,48,1666915200,195.95620092
pudgypenguins,2.87091,3.29,2.87091,48,1667001600,148.64226
pudgypenguins,2.87091,4.25,2.8088033266026793,126,1667088000,401.96758995961596
pudgypenguins,2.5,3.098,2.5,132,1667174400,358.19275045664654
pudgypenguins,2.6102,3.34444,2.6102,78,1667260800,222.4471933649289
pudgypenguins,2.7303,11.0,2.7303,42,1667347200,169.96518
pudgypenguins,2.6215,3.3,2.6215,36,1667433600,110.4096
pudgypenguins,2.7,5.55,2.7,66,1667520000,220.66979999999998
pudgypenguins,2.6401,4.2069,2.6401,66,1667606400,206.33226540284363
pudgypenguins,2.700001,6.9,2.700001,30,1667692800,116.60880599999999
pudgypenguins,2.6709947639483005,5.0,2.6594952789660002,120,1667779200,375.545971673796
pudgypenguins,2.649635545023697,4.48,2.6427109004739338,120,1667865600,351.39229619059137
pudgypenguins,2.0,7.49,1.7891950920377548,414,1667952000,1026.1783821232025
pudgypenguins,2.05,8.88,2.02501,186,1668038400,477.33541347313945
pudgypenguins,2.0,5.99,1.9681146012415307,144,1668124800,377.5229869593616
pudgypenguins,2.1,2.9,1.9601,180,1668211200,414.89254932518725
pudgypenguins,2.0993185194228112,3.993,2.0861803884562193,120,1668297600,283.6771283307373
pudgypenguins,2.0,3.1579,2.0,84,1668384000,193.46400000000003
pudgypenguins,0.0041,15.0,0.0041,90,1668470400,309.5004
pudgypenguins,2.3,6.0,2.3,78,1668556800,229.488
pudgypenguins,2.384947919115951,10.0,2.3167582208645388,240,1668643200,693.2204506522405
pudgypenguins,2.5405,4.61,2.41146,156,1668729600,465.2178599348939
pudgypenguins,2.5603,3.15,2.5603,36,1668816000,104.98379999999999
pudgypenguins,2.5863,3.45,2.5863,66,1668902400,189.2748
pudgypenguins,2.6513,8.88,2.65,114,1668988800,366.4566000000001
pudgypenguins,2.6505,4.8541,2.6505,48,1669075200,155.29559999999998
pudgypenguins,2.6334,8.88,2.6334,54,1669161600,269.26980000000003
pudgypenguins,2.6005,2.965,2.6005,72,1669248000,198.23958
pudgypenguins,2.50252,3.0,2.50252,60,1669334400,171.05292000000003
pudgypenguins,3.2,5.7041,3.2,24,1669420800,93.74459999999999
pudgypenguins,2.88,4.3878,2.8799,162,1669507200,504.41923991999994
pudgypenguins,2.8,3.19,2.8,42,1669593600,123.31831196587677
pudgypenguins,2.7821,4.097520999795124,2.75,174,1669680000,549.0300246676009
pudgypenguins,2.9393,7.7,2.93,138,1669766400,493.2650595335279
pudgypenguins,3.0486500000000003,3.97,2.9743944007664456,228,1669852800,764.2409664045987
pudgypenguins,3.29,4.222,3.29,138,1669939200,485.31059999999997
pudgypenguins,3.2855,3.95,3.2,120,1670025600,413.3682
pudgypenguins,3.39,18.88,3.2265,288,1670112000,1226.95622807912
pudgypenguins,3.63,11.75,3.5,984,1670198400,4250.9747060934515
pudgypenguins,4.06,7.59,0.004,438,1670284800,1966.7907625223067
pudgypenguins,3.8584407582938387,8.8,3.113,174,1670371200,829.1498445497631
pudgypenguins,4.03,6.0,3.99,126,1670457600,535.0212000000001
pudgypenguins,4.04,19.0,3.9815,438,1670544000,1927.9686000000002
pudgypenguins,4.4,12.69,4.1199,2922,1670630400,14230.593743983265
pudgypenguins,3.86,20.0,3.76,1242,1670716800,5554.066225833256
pudgypenguins,3.92,6.6901,3.76787383713778,456,1670803200,1878.128981327124
pudgypenguins,3.98,5.8,3.9,408,1670889600,1690.1358
pudgypenguins,4.05,8.42,4.0001,546,1670976000,2332.766356453426
pudgypenguins,4.09,9.8,4.02501,216,1671062400,998.6628599999999
pudgypenguins,4.1,5.89,3.368,390,1671148800,1652.6508603135117
pudgypenguins,4.22,4.999,4.1,852,1671235200,3768.716187415455
pudgypenguins,4.06,5.69,4.02,588,1671321600,2477.0351424078194
pudgypenguins,4.017751,5.5,3.94321,312,1671408000,1293.738426
pudgypenguins,4.04,4.5555,4.04,768,1671494400,3251.3867999999998
pudgypenguins,4.04,7.0,4.03,372,1671580800,1543.1094000000005
pudgypenguins,4.11,6.9,4.05,978,1671667200,4190.420106
pudgypenguins,4.08,8.0,4.07,456,1671753600,1942.1177999999993
pudgypenguins,4.17,5.0,4.14,636,1671840000,2760.685752014999
pudgypenguins,4.6,5.99,4.55,348,1671926400,1654.7120713355248
pudgypenguins,4.58,10.7,3.7,864,1672012800,4622.202176138665
pudgypenguins,5.45,33.0,4.75,1902,1672099200,12187.830861960068
pudgypenguins,5.82,40.0,5.67,1818,1672185600,12089.351246029371
pudgypenguins,5.9,9.5,5.5,390,1672272000,2462.744845136086
pudgypenguins,5.92,10.5,5.9,162,1672358400,1034.9178
pudgypenguins,5.85,10.0,5.2,198,1672444800,1230.23592
pudgypenguins,5.91,17.0,5.91,180,1672531200,1205.6632733999998
pudgypenguins,6.106999999999999,25.0,6.002009999998,348,1672617600,2347.1013299999754
pudgypenguins,6.425,10.69,6.330419999998,504,1672704000,3496.025077658706
pudgypenguins,6.64,10.0,6.429383886255923,882,1672790400,6289.830154051513
pudgypenguins,6.57,11.88,6.55,1146,1672876800,7741.117379999999
pudgypenguins,6.3,30.0,6.279,456,1672963200,3205.2312
pudgypenguins,6.35,41.69,6.314309999987998,312,1673049600,2249.8255199998553
pudgypenguins,6.35,7.5243,6.343,276,1673136000,1786.747152
pudgypenguins,6.3505,16.5829,5.59,342,1673222400,2457.897736492892
pudgypenguins,6.0,8.5,5.8316407131573005,726,1673308800,4492.950652278941
pudgypenguins,5.63655,18.0,5.55,348,1673395200,2230.101900842413
pudgypenguins,5.44,11.0653,5.42,174,1673481600,1066.857
pudgypenguins,5.43,6.0302,5.35,156,1673568000,865.1705670778288
pudgypenguins,5.16,6.8757,5.16,198,1673654400,1072.116180207659
pudgypenguins,4.83,5.7,4.81,732,1673740800,3783.0816710813388
pudgypenguins,5.0,9.0,4.797705246811606,456,1673827200,2378.132899072782
pudgypenguins,4.851196836384062,9.8765,4.7302,234,1673913600,1248.6354314808698
pudgypenguins,4.885,5.8,4.79,540,1674000000,2708.314559999999
pudgypenguins,4.85,7.9397,4.84,198,1674086400,1067.4122275919133
pudgypenguins,4.83,18.0,4.82,594,1674172800,3065.8089599999985
pudgypenguins,4.99751,8.26,4.797705246811606,138,1674259200,749.8338914808695
pudgypenguins,5.050999999999999,8.0402,5.05,342,1674345600,1835.9082475919133
pudgypenguins,5.1503,6.0204,5.037590509152188,174,1674432000,970.0411640264222
pudgypenguins,5.29,6.9,5.2261,270,1674518400,1516.6653600000002
pudgypenguins,4.71005,8.0,4.7,210,1674604800,1156.6128190727825
pudgypenguins,5.32,6.369,5.32,60,1674691200,336.654
pudgypenguins,5.19,8.9447,4.797705246811606,192,1674777600,1038.2838314808694
pudgypenguins,4.89,10.888,4.89,306,1674864000,1614.754439999999
pudgypenguins,4.56924309220153,6.55,4.49999,156,1674950400,776.6446505532092
pudgypenguins,4.8195,5.41262,4.8195,84,1675036800,430.04550000000006
pudgypenguins,5.03,7.027,5.02,144,1675123200,777.8417681827746
pudgypenguins,5.1,9.5,5.06,264,1675209600,1455.3484675919137
pudgypenguins,5.3011,9.7031,5.1516,306,1675296000,1754.7744
pudgypenguins,5.27485,25.9897,4.8001,192,1675382400,1228.148560971509
pudgypenguins,5.6,14.0,5.1,246,1675468800,1489.8571599113402
pudgypenguins,5.73,11.5,5.55,456,1675555200,2838.2744639391294
pudgypenguins,5.289470034609795,7.5,5.0,186,1675641600,1080.464340207659
pudgypenguins,5.65,7.1,5.0,270,1675728000,1612.417354020084
pudgypenguins,5.6,8.0,5.58,1296,1675814400,7426.528200000064
pudgypenguins,4.9,6.1946,4.69948,3474,1675900800,18926.39208753564
pudgypenguins,4.97,5.471,4.8,1548,1675987200,7799.775000000147
pudgypenguins,4.76,15.0,4.75,768,1676073600,3943.4479800000113
pudgypenguins,4.95,28.0,4.7467,474,1676160000,2566.561837480873
pudgypenguins,4.9704999999999995,9.69,4.71545,582,1676246400,2997.4768199999958
pudgypenguins,5.18,8.0,4.85,552,1676332800,3091.7591085634217
pudgypenguins,5.831,6.5,4.979599999999998,1230,1676419200,7237.026000000005
pudgypenguins,5.32,6.8,0.598,2046,1676505600,11688.481022454987
pudgypenguins,5.22999,8.42,4.8,858,1676592000,4620.3798000000115
pudgypenguins,5.35,8.0,4.38999,1812,1676678400,9762.559478145524
pudgypenguins,5.37,33.0,5.23,876,1676764800,5059.025279399981
pudgypenguins,5.41,8.9658,5.030536,3126,1676851200,17980.286571139255
pudgypenguins,5.4,9.0,4.55,1962,1676937600,10848.90624000014
pudgypenguins,5.485895,10.49,5.0251,1320,1677024000,7381.896900000071
pudgypenguins,5.26,6.05,5.05,2310,1677110400,12540.222720000094
pudgypenguins,4.76,10.5,4.629749999999899,1938,1677196800,10229.387974535757
pudgypenguins,4.93,9.29,4.9,1518,1677283200,7746.84046759185
pudgypenguins,4.96,10.5,4.94,1026,1677369600,5377.043400000008
pudgypenguins,5.34,14.0,5.3,2004,1677456000,10899.721320000026
pudgypenguins,5.439,14.9,4.7,876,1677542400,5045.519501999973
pudgypenguins,5.6068,12.22,5.5,1176,1677628800,7054.430156391588
pudgypenguins,5.68,17.69,5.634,2796,1677715200,16574.0322539999
pudgypenguins,5.45,6.55,5.305299999999999,1464,1677801600,8190.544199999973
pudgypenguins,5.48,10.0,5.48,354,1677888000,2041.340921759259
pudgypenguins,5.53,9.69,5.4,270,1677974400,1547.1731999999984
pudgypenguins,5.55,13.3,5.55,252,1678060800,1526.9642999999965
pudgypenguins,5.53,9.501,5.5,432,1678147200,2423.729399999994
pudgypenguins,5.5215,9.39,5.3836,222,1678233600,1294.2347999999965
pudgypenguins,5.05,8.020449999999999,5.00998,2034,1678320000,11137.476000207696
pudgypenguins,5.07,8.8583,5.02,810,1678406400,4221.764399940001
pudgypenguins,4.78,10.8,4.76,708,1678492800,3558.2873370549173
pudgypenguins,5.01,5.69,5.0,450,1678579200,2300.458151399993
pudgypenguins,5.07,15.18,5.07,822,1678665600,4372.954200000003
pudgypenguins,4.93,6.55,2.8662329100862736,624,1678752000,3190.0623558913157
pudgypenguins,4.84,6.99,4.81,402,1678838400,2035.9945799999914
pudgypenguins,4.84,7.8,4.84,174,1678924800,876.0349799999997
pudgypenguins,4.94,7.77,4.94,222,1679011200,1124.5548000000026
pudgypenguins,4.71,10.1,4.7,720,1679097600,3488.510611480863
pudgypenguins,4.69,8.23,4.68,828,1679184000,4000.189499999991
pudgypenguins,4.74,40.0,4.74,396,1679270400,2200.312631999999
pudgypenguins,4.52,5.5,4.5156,1392,1679356800,6609.2957999999635
pudgypenguins,4.27,7.0,4.17,2928,1679443200,13617.356299079334
pudgypenguins,4.32,6.9,4.26,864,1679529600,3885.657539339996
pudgypenguins,4.27,31.1622,4.25,1326,1679616000,6021.857099999969
pudgypenguins,4.24,6.81,4.16,978,1679702400,4302.366893999992
pudgypenguins,4.26,5.22,4.01252,606,1679788800,2608.633919999998
pudgypenguins,4.31,4.75,4.25,654,1679875200,2840.652007670516
pudgypenguins,4.2,5.5,1.0,810,1679961600,3481.5359993999723
pudgypenguins,4.31,4.832633044884826,4.31,402,1680048000,1746.7151586701652
pudgypenguins,4.35,5.35,0.0027444444,246,1680134400,1074.3404006664018
pudgypenguins,4.485,5.39,4.42,390,1680220800,1780.333979999996
pudgypenguins,4.45,4.75,4.4,870,1680307200,3953.4621599999923
pudgypenguins,4.46,7.59,4.43,444,1680393600,2024.8553993999988
pudgypenguins,4.03,5.674,4.02,1200,1680480000,5268.837061073164
pudgypenguins,4.17,7.5,4.17,1266,1680566400,5471.360140740004
pudgypenguins,4.13,5.0,4.08,528,1680652800,2207.896800000012
pudgypenguins,4.05,5.48,4.0,576,1680739200,2363.567329079994
pudgypenguins,4.06,7.0,4.0545,426,1680825600,1771.2393317999915
pudgypenguins,4.15,5.25,4.139068,186,1680912000,793.611020999999
pudgypenguins,4.18,4.99,4.17,258,1680998400,1092.7392000000016
pudgypenguins,4.15,5.44,4.15,96,1681084800,413.8195800000001
pudgypenguins,4.17,6.0,4.088,276,1681171200,1175.3243400000028
pudgypenguins,4.12,4.6,4.1,306,1681257600,1282.206360000001
pudgypenguins,4.14,4.5,4.03506,630,1681344000,2623.983180000003
pudgypenguins,3.88,4.5,3.77,1446,1681430400,5821.977248315718
pudgypenguins,3.57,52.4,3.471,1230,1681516800,4848.38690145667
pudgypenguins,3.58,9.0,3.53,726,1681603200,2834.3614347901143
pudgypenguins,3.69,4.3888,2.83,516,1681689600,1957.8960599999878
pudgypenguins,3.6295,5.75,3.6,234,1681776000,883.9983315333347
pudgypenguins,3.63,4.49,3.45,216,1681862400,806.2806108000001
pudgypenguins,3.61,4.5001,3.45,378,1681948800,1375.1855999999957
pudgypenguins,3.41,5.95,3.2,600,1682035200,2092.598640000013
pudgypenguins,3.3492,9.99,3.24,648,1682121600,2446.6717536609312
pudgypenguins,3.7,5.25,3.68,588,1682208000,2321.364148740588
pudgypenguins,3.81,5.75,3.8,270,1682294400,1063.0415999999998
pudgypenguins,3.75,5.0,3.74,300,1682380800,1153.4399999999955
pudgypenguins,3.8935,6.5,3.79826,348,1682467200,1400.3127633828146
pudgypenguins,3.96,7.5,3.91538,204,1682553600,850.4314739999996
pudgypenguins,3.79,15.0,3.7,564,1682640000,2310.9015592799988
pudgypenguins,3.87,5.5,3.84,684,1682726400,2917.4591226134153
pudgypenguins,4.17,6.0,4.16,288,1682812800,1243.9355999999414
pudgypenguins,3.93,4.25,3.89,666,1682899200,2701.8401638192436
pudgypenguins,4.05,4.99,4.04,426,1682985600,1789.2503159939995
pudgypenguins,4.13,5.0001,4.12,270,1683072000,1157.145112199996
pudgypenguins,4.15,6.0,4.08,264,1683158400,1125.2879400000006
pudgypenguins,4.072,9.69,4.046,222,1683244800,1023.4658437816863
pudgypenguins,4.06,5.29,4.05,276,1683331200,1160.832599999998
pudgypenguins,4.04,8.55,3.95,456,1683417600,2031.7804217999997
pudgypenguins,4.18,5.25,3.9470839798739052,450,1683504000,1932.4784372392437
pudgypenguins,4.23433,10.99,4.22006,618,1683590400,2964.063039699482
pudgypenguins,4.15,8.88,4.11,702,1683676800,3127.857720000003
pudgypenguins,3.6885,5.25,3.6,1320,1683763200,5312.122460411689
pudgypenguins,4.02,6.5,3.97,462,1683849600,1904.1487199999904
pudgypenguins,4.1,5.32,4.1,48,1683936000,212.42639999999992
pudgypenguins,4.4498,4.4498,4.4498,6,1684022400,26.6988
pudgypenguins,4.33001,10.84,4.33001,54,1684108800,302.56464
pudgypenguins,4.36504,4.75,4.36504,18,1684195200,81.56963999999999
pudgypenguins,4.31509,11.88,4.31509,36,1684281600,214.23239999999996
pudgypenguins,4.6,6.0,4.6,36,1684368000,180.95400000000004
pudgypenguins,4.75765,12.69,4.725,156,1684454400,940.3885799999999
pudgypenguins,5.45,9.9,5.3,192,1684540800,1192.6379999999983
pudgypenguins,5.8689998,7.7,5.8689998,42,1684627200,267.35399879999994
pudgypenguins,5.788,6.8041,5.788,60,1684713600,367.9685999999999
pudgypenguins,5.5749,7.99,5.5749,78,1684800000,494.64599999999996
pudgypenguins,5.195,6.0,5.195,30,1684886400,164.18999999999997
pudgypenguins,4.878,6.58,4.878,66,1684972800,360.2088000000003
pudgypenguins,5.5,5.5,5.5,6,1685059200,33.0
pudgypenguins,5.05,6.29,5.05,24,1685145600,134.33400000000003
pudgypenguins,7.0,7.0,7.0,6,1685232000,42.0
